1	Il	il	CLS	CLS	n=s|g=m|p=3	2	suj	2	suj	CO-3e-2016-VTAC305-D1-R1-V1_N.ac	1	5	1	7	_	5	7	_	_	_	_	_	_	_	_	_	_	_	_	_	_
2	était	être	V	V	n=s|t=I|p=3	0	root	0	root	CO-3e-2016-VTAC305-D1-R1-V1_N.ac	1	8	1	13	imparfait	8	13	_	_	_	_	_	_	_	_	_	_	_	_	_	_
3	une	une	DET	DET	n=s|g=f	4	det	4	det	CO-3e-2016-VTAC305-D1-R1-V1_N.ac	1	14	1	17	_	14	17	_	_	_	_	_	_	_	_	_	_	_	_	_	_
4	fois	fois	NC	NC	g=f	2	obj	2	obj	CO-3e-2016-VTAC305-D1-R1-V1_N.ac	1	18	1	22	_	18	22	_	_	_	_	_	_	_	_	_	_	_	_	_	_
5	1	1	ADJ	ADJ		4	mod	4	mod	CO-3e-2016-VTAC305-D1-R1-V1_N.ac	1	23	1	24	_	23	24	_	_	_	_	_	_	_	_	in_GNon_incertDNon_incertRNon	23-31	_	_	_	_
6	enfant	enfant	NC	NC	n=s	4	mod	4	mod	CO-3e-2016-VTAC305-D1-R1-V1_N.ac	1	25	1	31	_	25	31	_	_	_	Err	enfants	25-31	_	_	in_GNon_incertDNon_incertRNon	23-31	_	_	_	_
7	qui	qui	PROREL	PROREL	n=s	8	suj	8	suj	CO-3e-2016-VTAC305-D1-R1-V1_N.ac	1	32	1	35	_	32	35	_	_	_	_	_	_	_	_	is_GNon_incertDNon_incertRNon	32-35	_	_	_	_
8	décide	décider	V	V	n=s|t=P,S|p=1,3	4	mod_rel	4	mod_rel	CO-3e-2016-VTAC305-D1-R1-V1_N.ac	1	36	1	42	present	36	42	_	_	_	Err	désside	36-42	_	_	_	_	_	_	_	_
9	de	de	P	P		8	obj	8	obj	CO-3e-2016-VTAC305-D1-R1-V1_N.ac	1	43	1	45	_	43	45	_	_	_	_	_	_	_	_	_	_	_	_	_	_
10	fuguer	fuguer	VINF	VINF	t=W	9	prep	9	prep	CO-3e-2016-VTAC305-D1-R1-V1_N.ac	1	46	1	52	_	46	52	_	_	_	Err	fugais	46-52	_	_	_	_	_	_	_	_
11	une	une	DET	DET	n=s|g=f	12	det	12	det	CO-3e-2016-VTAC305-D1-R1-V1_N.ac	1	53	1	56	_	53	56	_	_	_	_	_	_	_	_	_	_	_	_	_	_
12	nuit	nuit	NC	NC	n=s|g=f	10	obj	10	obj	CO-3e-2016-VTAC305-D1-R1-V1_N.ac	1	57	1	61	_	57	61	_	_	_	_	_	_	_	_	_	_	_	_	_	_
13	pour	pour	P	P		8	mod	8	mod	CO-3e-2016-VTAC305-D1-R1-V1_N.ac	1	62	1	66	_	62	66	_	_	_	_	_	_	_	_	_	_	_	_	_	_
14	aller	aller	VINF	VINF	t=W	13	prep	13	prep	CO-3e-2016-VTAC305-D1-R1-V1_N.ac	1	67	1	72	_	67	72	_	_	_	_	_	_	_	_	_	_	_	_	_	_
15	voir	voir	VINF	VINF	t=W	14	obj	14	obj	CO-3e-2016-VTAC305-D1-R1-V1_N.ac	1	73	1	77	_	73	77	_	_	_	_	_	_	_	_	_	_	_	_	_	_
16	une	une	DET	DET	n=s|g=f	17	det	17	det	CO-3e-2016-VTAC305-D1-R1-V1_N.ac	1	78	1	81	_	78	81	_	_	_	_	_	_	_	_	_	_	_	_	_	_
17	maison	maison	NC	NC	n=s|g=f	15	obj	15	obj	CO-3e-2016-VTAC305-D1-R1-V1_N.ac	1	82	1	88	_	82	88	_	_	_	_	_	_	_	_	_	_	_	_	_	_
18	où	où	PROREL	PROREL		22	mod	22	mod	CO-3e-2016-VTAC305-D1-R1-V1_N.ac	1	89	1	91	_	89	91	_	_	_	Err	ou	89-91	_	_	_	_	_	_	_	_
19	une	une	DET	DET	n=s|g=f	21	det	21	det	CO-3e-2016-VTAC305-D1-R1-V1_N.ac	1	92	1	95	_	92	95	_	_	_	_	_	_	in_GNon_incertDNon_incertRNon	92-108	_	_	_	_	_	_
20	vieille	vieux	ADJ	ADJ	n=s|g=f	21	mod	21	mod	CO-3e-2016-VTAC305-D1-R1-V1_N.ac	1	96	1	103	_	96	103	_	_	_	_	_	_	in_GNon_incertDNon_incertRNon	92-108	_	_	_	_	_	_
21	dame	dame	NC	NC	n=s|g=f	22	suj	22	suj	CO-3e-2016-VTAC305-D1-R1-V1_N.ac	1	104	1	108	_	104	108	_	_	_	_	_	_	in_GNon_incertDNon_incertRNon	92-108	_	_	_	_	_	_
22	habitait	habiter	V	V	n=s|t=I|p=3	17	mod_rel	17	mod_rel	CO-3e-2016-VTAC305-D1-R1-V1_N.ac	1	109	1	117	imparfait	109	117	_	_	_	_	_	_	_	_	_	_	_	_	_	_
23	.	.	PONCT	PONCT		22	ponct	22	ponct	CO-3e-2016-VTAC305-D1-R1-V1_N.ac	1	117	1	118	_	117	118	_	_	_	_	_	_	_	_	_	_	_	_	_	_
"
"
1	Elle	elle	CLS	CLS	n=s|g=f|p=3	2	suj	2	suj	CO-3e-2016-VTAC305-D1-R1-V1_N.ac	1	119	1	123	_	119	123	consigne	_	_	_	_	_	is_GNon_incertDNon_incertRNon	119-123	_	_	_	_	_	_
2	habitait	habiter	V	V	n=s|t=I|p=3	0	root	0	root	CO-3e-2016-VTAC305-D1-R1-V1_N.ac	1	124	1	132	imparfait	124	132	consigne	_	_	_	_	_	_	_	_	_	_	_	_	_
3	dans	dans	P	P		2	mod	2	mod	CO-3e-2016-VTAC305-D1-R1-V1_N.ac	1	133	1	137	_	133	137	consigne	_	_	_	_	_	_	_	_	_	_	_	_	_
4	cette	cette	DET	DET	n=s|g=f	5	det	5	det	CO-3e-2016-VTAC305-D1-R1-V1_N.ac	1	138	1	143	_	138	143	consigne	_	_	_	_	_	_	_	_	_	_	_	_	_
5	maison	maison	NC	NC	n=s|g=f	3	prep	3	prep	CO-3e-2016-VTAC305-D1-R1-V1_N.ac	1	144	1	150	_	144	150	consigne	_	_	_	_	_	_	_	_	_	_	_	_	_
6	depuis	depuis	P	P		2	mod	2	mod	CO-3e-2016-VTAC305-D1-R1-V1_N.ac	1	151	1	157	_	151	157	consigne	_	_	_	_	_	_	_	_	_	_	_	_	_
7	longtemps	longtemps	ADV	ADV		6	mod	6	mod	CO-3e-2016-VTAC305-D1-R1-V1_N.ac	1	158	1	167	_	158	167	consigne	_	_	Err	longtemp	158-167	_	_	_	_	_	_	_	_
8	.	.	PONCT	PONCT		7	ponct	7	ponct	CO-3e-2016-VTAC305-D1-R1-V1_N.ac	1	167	1	168	_	167	168	_	_	_	Err	Il	167-171	_	_	_	_	_	_	_	_
"
"
1	Il	il	CLS	CLS	n=s|g=m|p=3	2	suj	2	suj	CO-3e-2016-VTAC305-D1-R1-V1_N.ac	1	169	1	171	_	169	171	_	_	_	Err	Il	167-171	_	_	is_GNon_incertDNon_incertRNon	169-171	_	_	_	_
2	rentra	rentrer	V	V	n=s|t=J|p=3	0	root	0	root	CO-3e-2016-VTAC305-D1-R1-V1_N.ac	1	172	1	178	passeSimple	172	178	_	_	_	Err	r.antra	172-178	_	_	_	_	_	_	_	_
3	dans	dans	P	P		2	mod	2	mod	CO-3e-2016-VTAC305-D1-R1-V1_N.ac	1	179	1	183	_	179	183	_	_	_	_	_	_	_	_	_	_	_	_	_	_
4	la	la	DET	DET	n=s|g=f	5	det	5	det	CO-3e-2016-VTAC305-D1-R1-V1_N.ac	1	184	1	186	_	184	186	_	_	_	_	_	_	_	_	_	_	_	_	_	_
5	maison	maison	NC	NC	n=s|g=f	3	prep	3	prep	CO-3e-2016-VTAC305-D1-R1-V1_N.ac	1	187	1	193	_	187	193	_	_	_	_	_	_	_	_	_	_	_	_	_	_
6	regarda	regarder	V	V	n=s|t=J|p=3	2	mod	2	mod	CO-3e-2016-VTAC305-D1-R1-V1_N.ac	1	194	1	201	passeSimple	194	201	_	_	_	Err	regardis	194-201	_	_	is_GNon_incertDNon_incertRNon	194-201	_	_	_	_
7	la	la	DET	DET	n=s|g=f	8	det	8	det	CO-3e-2016-VTAC305-D1-R1-V1_N.ac	1	202	1	204	_	202	204	_	_	_	_	_	_	_	_	_	_	_	_	_	_
8	cuisine	cuisine	NC	NC	n=s|g=f	6	obj	6	obj	CO-3e-2016-VTAC305-D1-R1-V1_N.ac	1	205	1	212	_	205	212	_	_	_	_	_	_	_	_	_	_	_	_	_	_
9	puis	puis	CC	CC		6	coord	6	coord	CO-3e-2016-VTAC305-D1-R1-V1_N.ac	1	213	1	217	_	213	217	_	_	_	_	_	_	_	_	_	_	_	_	_	_
10	la	la	DET	DET	n=s|g=f	11	det	11	det	CO-3e-2016-VTAC305-D1-R1-V1_N.ac	1	218	1	220	_	218	220	_	_	_	_	_	_	_	_	_	_	_	_	_	_
11	chambre	chambre	NC	NC	n=s|g=f	12	mod	12	mod	CO-3e-2016-VTAC305-D1-R1-V1_N.ac	1	221	1	228	_	221	228	_	_	_	_	_	_	_	_	_	_	_	_	_	_
12	quand	quand	CS	CS		6	mod	6	mod	CO-3e-2016-VTAC305-D1-R1-V1_N.ac	1	229	1	234	_	229	234	_	_	_	_	_	_	_	_	_	_	_	_	_	_
13	tout	tout	PRO	PRO	n=s|g=m	0	_	0	_	CO-3e-2016-VTAC305-D1-R1-V1_N.ac	1	235	1	239	_	235	239	_	_	_	Err	tous	235-239	_	_	_	_	_	_	_	_
14	à	à	P	P		13	dep	13	dep	CO-3e-2016-VTAC305-D1-R1-V1_N.ac	1	240	1	241	_	240	241	_	_	_	_	_	_	_	_	_	_	_	_	_	_
15	coup	coup	NC	NC	n=s|g=m	14	prep	14	prep	CO-3e-2016-VTAC305-D1-R1-V1_N.ac	1	242	1	246	_	242	246	_	_	_	_	_	_	_	_	_	_	_	_	_	_
16	.	.	PONCT	PONCT		15	ponct	15	ponct	CO-3e-2016-VTAC305-D1-R1-V1_N.ac	1	246	1	247	_	246	247	_	_	_	_	_	_	_	_	_	_	_	_	_	_
"
"
1	Il	il	CLS	CLS	n=s|g=m|p=3	3	suj	3	suj	CO-3e-2016-VTAC305-D1-R1-V1_N.ac	1	248	1	250	_	248	250	consigne	_	_	_	_	_	_	_	is_GNon_incertDNon_incertRNon	248-250	_	_	_	_
2	se	se	CLR	CLR	n=p,s|p=3	3	aff	3	aff	CO-3e-2016-VTAC305-D1-R1-V1_N.ac	1	251	1	253	_	251	253	consigne	_	_	_	_	_	_	_	_	_	_	_	_	_
3	retourna	retourner	V	V	n=s|t=J|p=3	0	root	0	root	CO-3e-2016-VTAC305-D1-R1-V1_N.ac	1	254	1	262	passeSimple	254	262	consigne	_	_	_	_	_	_	_	_	_	_	_	_	_
4	en	en	P	P		3	mod	3	mod	CO-3e-2016-VTAC305-D1-R1-V1_N.ac	1	263	1	265	_	263	265	consigne	_	_	_	_	_	_	_	_	_	_	_	_	_
5	entendant	entendre	VPR	VPR	t=G	4	prep	4	prep	CO-3e-2016-VTAC305-D1-R1-V1_N.ac	1	266	1	275	_	266	275	consigne	_	_	_	_	_	_	_	_	_	_	_	_	_
6	ce	ce	DET	DET	n=s|g=m	8	det	8	det	CO-3e-2016-VTAC305-D1-R1-V1_N.ac	1	276	1	278	_	276	278	consigne	_	_	_	_	_	_	_	_	_	_	_	_	_
7	grand	grand	ADJ	ADJ	n=s|g=m	8	mod	8	mod	CO-3e-2016-VTAC305-D1-R1-V1_N.ac	1	279	1	284	_	279	284	consigne	_	_	_	_	_	_	_	_	_	_	_	_	_
8	bruit	bruit	NC	NC	n=s|g=m	5	obj	5	obj	CO-3e-2016-VTAC305-D1-R1-V1_N.ac	1	285	1	290	_	285	290	consigne	subst	287-288	_	_	_	_	_	_	_	_	_	_	_
9	.	.	PONCT	PONCT		8	ponct	8	ponct	CO-3e-2016-VTAC305-D1-R1-V1_N.ac	1	290	1	291	_	290	291	consigne	_	_	_	_	_	_	_	_	_	_	_	_	_
"
"
1	Quelqu'	quelque	DET	DET	n=s	2	det	2	det	CO-3e-2016-VTAC305-D1-R1-V1_N.ac	1	292	1	299	_	292	299	_	_	_	_	_	_	_	_	_	_	_	_	_	_
2	un	un	PRO	PRO	n=s|g=m	3	suj	3	suj	CO-3e-2016-VTAC305-D1-R1-V1_N.ac	1	299	1	301	_	299	301	_	_	_	_	_	_	_	_	_	_	_	_	_	_
3	descendit	descendre	V	V	n=s|t=J|p=3	0	root	0	root	CO-3e-2016-VTAC305-D1-R1-V1_N.ac	1	302	1	311	passeSimple	302	311	_	_	_	Err	dessendit	302-311	_	_	_	_	_	_	_	_
4	l'	le	DET	DET	n=s	5	det	5	det	CO-3e-2016-VTAC305-D1-R1-V1_N.ac	1	312	1	314	_	312	314	_	_	_	_	_	_	_	_	_	_	_	_	_	_
5	escalier	escalier	NC	NC	n=s|g=m	3	obj	3	obj	CO-3e-2016-VTAC305-D1-R1-V1_N.ac	1	314	1	322	_	314	322	_	_	_	_	_	_	_	_	_	_	_	_	_	_
6	de	de	P	P		3	mod	3	mod	CO-3e-2016-VTAC305-D1-R1-V1_N.ac	1	323	1	325	_	323	325	_	_	_	_	_	_	_	_	_	_	_	_	_	_
7	la	la	DET	DET	n=s|g=f	8	det	8	det	CO-3e-2016-VTAC305-D1-R1-V1_N.ac	1	326	1	328	_	326	328	_	_	_	_	_	_	_	_	_	_	_	_	_	_
8	maison	maison	NC	NC	n=s|g=f	6	prep	6	prep	CO-3e-2016-VTAC305-D1-R1-V1_N.ac	1	329	1	335	_	329	335	_	_	_	_	_	_	_	_	_	_	_	_	_	_
9	le	le	DET	DET	n=s|g=m	11	det	11	det	CO-3e-2016-VTAC305-D1-R1-V1_N.ac	1	336	1	338	_	336	338	_	_	_	_	_	_	_	_	in_GNon_incertDNon_incertRNon	336-344	_	_	_	_
10	jeune	jeune	ADJ	ADJ	n=s	11	mod	11	mod	CO-3e-2016-VTAC305-D1-R1-V1_N.ac	1	339	1	344	_	339	344	_	_	_	_	_	_	_	_	in_GNon_incertDNon_incertRNon	336-344	_	_	_	_
11	courut	_	NC	NC		3	obj	3	obj	CO-3e-2016-VTAC305-D1-R1-V1_N.ac	1	345	1	351	_	345	351	_	_	_	Err	coura	345-351	_	_	_	_	_	_	_	_
12	vers	vers	P	P		3	mod	3	mod	CO-3e-2016-VTAC305-D1-R1-V1_N.ac	1	352	1	356	_	352	356	_	_	_	_	_	_	_	_	_	_	_	_	_	_
13	la	la	DET	DET	n=s|g=f	14	det	14	det	CO-3e-2016-VTAC305-D1-R1-V1_N.ac	1	357	1	359	_	357	359	_	_	_	_	_	_	_	_	_	_	_	_	_	_
14	cuisine	cuisine	NC	NC	n=s|g=f	12	prep	12	prep	CO-3e-2016-VTAC305-D1-R1-V1_N.ac	1	360	1	367	_	360	367	_	_	_	Err	cuisine ouvre	360-374	_	_	_	_	_	_	_	_
15	,	,	PONCT	PONCT		14	ponct	14	ponct	CO-3e-2016-VTAC305-D1-R1-V1_N.ac	1	367	1	368	_	367	368	_	_	_	Err	cuisine ouvre	360-374	_	_	_	_	_	_	_	_
16	ouvre	ouvrir	V	V	n=s|t=P,S|p=1,3	3	mod	3	mod	CO-3e-2016-VTAC305-D1-R1-V1_N.ac	1	369	1	374	present	369	374	_	_	_	Err	cuisine ouvre	360-374	_	_	is_GNon_incertDNon_incertRNon	369-374	_	_	_	_
17	la	la	DET	DET	n=s|g=f	18	det	18	det	CO-3e-2016-VTAC305-D1-R1-V1_N.ac	1	375	1	377	_	375	377	_	_	_	_	_	_	_	_	_	_	_	_	_	_
18	fenêtre	fenêtre	NC	NC	n=s|g=f	16	obj	16	obj	CO-3e-2016-VTAC305-D1-R1-V1_N.ac	1	378	1	385	_	378	385	_	_	_	_	_	_	_	_	_	_	_	_	_	_
19	et	et	CC	CC		16	coord	16	coord	CO-3e-2016-VTAC305-D1-R1-V1_N.ac	1	386	1	388	_	386	388	_	_	_	_	_	_	_	_	_	_	_	_	_	_
20	saute	sauter	V	V	n=s|t=P,S|p=1,3	19	dep_coord	19	dep_coord	CO-3e-2016-VTAC305-D1-R1-V1_N.ac	1	389	1	394	present	389	394	_	_	_	Err	saut	389-394	_	_	is_GNon_incertDNon_incertRNon	389-394	_	_	_	_
21	par-dessus	par-dessus	ADV	ADV		20	mod	20	mod	CO-3e-2016-VTAC305-D1-R1-V1_N.ac	1	395	1	405	_	395	405	_	_	_	Err	pardessu	395-405	_	_	_	_	_	_	_	_
22	.	.	PONCT	PONCT		21	ponct	21	ponct	CO-3e-2016-VTAC305-D1-R1-V1_N.ac	1	405	1	406	_	405	406	_	_	_	Err	Il	405-409	_	_	_	_	_	_	_	_
"
"
1	Il	il	CLS	CLS	n=s|g=m|p=3	2	suj	2	suj	CO-3e-2016-VTAC305-D1-R1-V1_N.ac	1	407	1	409	_	407	409	_	_	_	Err	Il	405-409	_	_	is_GNon_incertDNon_incertRNon	407-409	_	_	_	_
2	vit	vivre	V	V	n=s|t=P|p=3	0	root	0	root	CO-3e-2016-VTAC305-D1-R1-V1_N.ac	1	410	1	413	present	410	413	_	_	_	_	_	_	_	_	_	_	_	_	_	_
3	un	un	DET	DET	n=s|g=m	4	det	4	det	CO-3e-2016-VTAC305-D1-R1-V1_N.ac	1	414	1	416	_	414	416	_	_	_	_	_	_	_	_	_	_	_	_	_	_
4	chien	chien	NC	NC	n=s|g=m	2	obj	2	obj	CO-3e-2016-VTAC305-D1-R1-V1_N.ac	1	417	1	422	_	417	422	_	_	_	_	_	_	_	_	_	_	_	_	_	_
5	dans	dans	P	P		2	mod	2	mod	CO-3e-2016-VTAC305-D1-R1-V1_N.ac	1	423	1	427	_	423	427	_	_	_	_	_	_	_	_	_	_	_	_	_	_
6	le	le	DET	DET	n=s|g=m	7	det	7	det	CO-3e-2016-VTAC305-D1-R1-V1_N.ac	1	428	1	430	_	428	430	_	_	_	_	_	_	_	_	_	_	_	_	_	_
7	jardin	jardin	NC	NC	n=s|g=m	5	prep	5	prep	CO-3e-2016-VTAC305-D1-R1-V1_N.ac	1	431	1	437	_	431	437	_	_	_	_	_	_	_	_	_	_	_	_	_	_
8	il	il	CLS	CLS	n=s|g=m|p=3	9	suj	9	suj	CO-3e-2016-VTAC305-D1-R1-V1_N.ac	1	438	1	440	_	438	440	_	_	_	_	_	_	_	_	is_GNon_incertDNon_incertRNon	438-440	_	_	_	_
9	courut	courir	V	V	n=s|t=J|p=3	2	mod	2	mod	CO-3e-2016-VTAC305-D1-R1-V1_N.ac	1	441	1	447	passeSimple	441	447	_	_	_	Err	courus	441-447	_	_	_	_	_	_	_	_
10	par-dessus	par-dessus	P	P		9	mod	9	mod	CO-3e-2016-VTAC305-D1-R1-V1_N.ac	1	448	1	458	_	448	458	_	_	_	Err	pardessu	448-458	_	_	_	_	_	_	_	_
11	la	la	DET	DET	n=s|g=f	12	det	12	det	CO-3e-2016-VTAC305-D1-R1-V1_N.ac	1	459	1	461	_	459	461	_	_	_	_	_	_	_	_	_	_	_	_	_	_
12	clôture	clôture	NC	NC	n=s|g=f	10	prep	10	prep	CO-3e-2016-VTAC305-D1-R1-V1_N.ac	1	462	1	469	_	462	469	_	_	_	Err	cloture	462-469	_	_	_	_	_	_	_	_
13	.	.	PONCT	PONCT		12	ponct	12	ponct	CO-3e-2016-VTAC305-D1-R1-V1_N.ac	1	469	1	470	_	469	470	_	_	_	_	_	_	_	_	_	_	_	_	_	_
"
"
1	Courut	courir	V	V	n=s|t=J|p=3	0	root	0	root	CO-3e-2016-VTAC305-D1-R1-V1_N.ac	1	471	1	477	passeSimple	471	477	_	_	_	_	_	_	_	_	is_GNon_incertDNon_incertRNon	471-477	_	_	_	_
2	dans	dans	P	P		1	mod	1	mod	CO-3e-2016-VTAC305-D1-R1-V1_N.ac	1	478	1	482	_	478	482	_	_	_	_	_	_	_	_	_	_	_	_	_	_
3	la	la	DET	DET	n=s|g=f	4	det	4	det	CO-3e-2016-VTAC305-D1-R1-V1_N.ac	1	483	1	485	_	483	485	_	_	_	_	_	_	_	_	_	_	_	_	_	_
4	rue	rue	NC	NC	n=s|g=f	2	prep	2	prep	CO-3e-2016-VTAC305-D1-R1-V1_N.ac	1	486	1	489	_	486	489	_	_	_	_	_	_	_	_	_	_	_	_	_	_
5	avec	avec	P	P		1	mod	1	mod	CO-3e-2016-VTAC305-D1-R1-V1_N.ac	1	490	1	494	_	490	494	_	_	_	_	_	_	_	_	_	_	_	_	_	_
6	le	le	DET	DET	n=s|g=m	7	det	7	det	CO-3e-2016-VTAC305-D1-R1-V1_N.ac	1	495	1	497	_	495	497	_	_	_	_	_	_	_	_	_	_	_	_	_	_
7	chien	chien	NC	NC	n=s|g=m	5	prep	5	prep	CO-3e-2016-VTAC305-D1-R1-V1_N.ac	1	498	1	503	_	498	503	_	_	_	_	_	_	_	_	_	_	_	_	_	_
8	qui	qui	PROREL	PROREL	n=s	10	suj	10	suj	CO-3e-2016-VTAC305-D1-R1-V1_N.ac	1	504	1	507	_	504	507	_	_	_	_	_	_	_	_	_	_	_	_	_	_
9	les	les	CLO	CLO	n=p|p=3	10	obj	10	obj	CO-3e-2016-VTAC305-D1-R1-V1_N.ac	1	508	1	511	_	508	511	_	_	_	_	_	_	_	_	is_GOui_incertDNon_incertROui	508-511	_	_	_	_
10	suivait	suivre	V	V	n=s|t=I|p=3	7	mod_rel	7	mod_rel	CO-3e-2016-VTAC305-D1-R1-V1_N.ac	1	512	1	519	imparfait	512	519	_	_	_	Err	suivér	512-519	_	_	_	_	_	_	_	_
11	.	.	PONCT	PONCT		10	ponct	10	ponct	CO-3e-2016-VTAC305-D1-R1-V1_N.ac	1	519	1	520	_	519	520	_	_	_	Err	Il	519-523	_	_	_	_	_	_	_	_
"
"
1	Il	il	CLS	CLS	n=s|g=m|p=3	3	suj	3	suj	CO-3e-2016-VTAC305-D1-R1-V1_N.ac	1	521	1	523	_	521	523	_	_	_	Err	Il	519-523	_	_	is_GNon_incertDNon_incertRNon	521-523	_	_	_	_
2	a	avoir	V	V	n=s|t=P|p=3	3	aux_tps	3	aux_tps	CO-3e-2016-VTAC305-D1-R1-V1_N.ac	1	524	1	525	present	524	525	_	_	_	_	_	_	_	_	_	_	_	_	_	_
3	couru	courir	VPP	VPP	n=s|g=m|t=K	0	root	0	root	CO-3e-2016-VTAC305-D1-R1-V1_N.ac	1	526	1	531	_	526	531	_	_	_	Err	courut	526-531	_	_	_	_	_	_	_	_
4	pendant	pendant	P	P		3	mod	3	mod	CO-3e-2016-VTAC305-D1-R1-V1_N.ac	1	532	1	539	_	532	539	_	_	_	_	_	_	_	_	_	_	_	_	_	_
5	1	1	ADJ	ADJ		6	mod	6	mod	CO-3e-2016-VTAC305-D1-R1-V1_N.ac	1	540	1	541	_	540	541	_	_	_	_	_	_	_	_	_	_	_	_	_	_
6	heure	heure	NC	NC	n=s|g=f	4	prep	4	prep	CO-3e-2016-VTAC305-D1-R1-V1_N.ac	1	542	1	547	_	542	547	_	_	_	_	_	_	_	_	_	_	_	_	_	_
7	dans	dans	P	P		3	mod	3	mod	CO-3e-2016-VTAC305-D1-R1-V1_N.ac	1	548	1	552	_	548	552	_	_	_	_	_	_	_	_	_	_	_	_	_	_
8	le	le	DET	DET	n=s|g=m	9	det	9	det	CO-3e-2016-VTAC305-D1-R1-V1_N.ac	1	553	1	555	_	553	555	_	_	_	_	_	_	_	_	_	_	_	_	_	_
9	pâté	pâté	NC	NC	n=s|g=m	7	prep	7	prep	CO-3e-2016-VTAC305-D1-R1-V1_N.ac	1	556	1	560	_	556	560	_	_	_	Err	patté	556-560	_	_	_	_	_	_	_	_
10	de	de	P	P		9	dep	9	dep	CO-3e-2016-VTAC305-D1-R1-V1_N.ac	1	561	1	563	_	561	563	_	_	_	_	_	_	_	_	_	_	_	_	_	_
11	maisons	maison	NC	NC	n=p|g=f	10	prep	10	prep	CO-3e-2016-VTAC305-D1-R1-V1_N.ac	1	564	1	571	_	564	571	_	_	_	Err	maison	564-571	_	_	_	_	_	_	_	_
12	le	le	DET	DET	n=s|g=m	13	det	13	det	CO-3e-2016-VTAC305-D1-R1-V1_N.ac	1	572	1	574	_	572	574	_	_	_	_	_	_	_	_	_	_	_	_	_	_
13	chien	chien	NC	NC	n=s|g=m	3	obj	3	obj	CO-3e-2016-VTAC305-D1-R1-V1_N.ac	1	575	1	580	_	575	580	_	_	_	_	_	_	_	_	_	_	_	_	_	_
14	se	se	CLR	CLR	n=p,s|p=3	15	aff	15	aff	CO-3e-2016-VTAC305-D1-R1-V1_N.ac	1	581	1	583	_	581	583	_	_	_	_	_	_	_	_	_	_	_	_	_	_
15	fatigua	fatiguer	V	V	n=s|t=J|p=3	3	mod	3	mod	CO-3e-2016-VTAC305-D1-R1-V1_N.ac	1	584	1	591	passeSimple	584	591	_	_	_	_	_	_	_	_	_	_	_	_	_	_
16	et	et	CC	CC		15	coord	15	coord	CO-3e-2016-VTAC305-D1-R1-V1_N.ac	1	592	1	594	_	592	594	_	_	_	_	_	_	_	_	_	_	_	_	_	_
17	revint	revenir	V	V	n=s|t=J|p=3	16	dep_coord	16	dep_coord	CO-3e-2016-VTAC305-D1-R1-V1_N.ac	1	595	1	601	passeSimple	595	601	_	_	_	Err	revenu	595-601	_	_	_	_	_	_	_	_
18	chez	chez	P	P		17	mod	17	mod	CO-3e-2016-VTAC305-D1-R1-V1_N.ac	1	602	1	606	_	602	606	_	_	_	_	_	_	_	_	_	_	_	_	_	_
19	lui	lui	PRO	PRO	n=s|g=m|p=3	18	prep	18	prep	CO-3e-2016-VTAC305-D1-R1-V1_N.ac	1	607	1	610	_	607	610	_	_	_	_	_	_	_	_	_	_	_	_	_	_
20	.	.	PONCT	PONCT		19	ponct	19	ponct	CO-3e-2016-VTAC305-D1-R1-V1_N.ac	1	610	1	611	_	610	611	_	_	_	_	_	_	_	_	_	_	_	_	_	_
"
"
1	Le	le	DET	DET	n=s|g=m	2	det	2	det	CO-3e-2016-VTAC305-D1-R1-V1_N.ac	1	612	1	614	_	612	614	_	_	_	_	_	_	_	_	in_GNon_incertDNon_incertRNon	612-621	_	_	_	_
2	garçon	garçon	NC	NC	n=s|g=m	4	suj	4	suj	CO-3e-2016-VTAC305-D1-R1-V1_N.ac	1	615	1	621	_	615	621	_	_	_	_	_	_	_	_	in_GNon_incertDNon_incertRNon	612-621	_	_	_	_
3	est	être	V	V	n=s|t=P|p=3	4	aux_tps	4	aux_tps	CO-3e-2016-VTAC305-D1-R1-V1_N.ac	1	622	1	625	present	622	625	_	_	_	_	_	_	_	_	_	_	_	_	_	_
4	revenu	revenir	VPP	VPP	n=s|g=m|t=K	0	root	0	root	CO-3e-2016-VTAC305-D1-R1-V1_N.ac	1	626	1	632	_	626	632	_	_	_	_	_	_	_	_	_	_	_	_	_	_
5	chez	chez	P	P		4	mod	4	mod	CO-3e-2016-VTAC305-D1-R1-V1_N.ac	1	633	1	637	_	633	637	_	_	_	_	_	_	_	_	_	_	_	_	_	_
6	lui	lui	PRO	PRO	n=s|g=m|p=3	5	prep	5	prep	CO-3e-2016-VTAC305-D1-R1-V1_N.ac	1	638	1	641	_	638	641	_	_	_	_	_	_	_	_	is_GNon_incertDNon_incertRNon	638-641	_	_	_	_
7	mais	mais	CC	CC		4	coord	4	coord	CO-3e-2016-VTAC305-D1-R1-V1_N.ac	1	642	1	646	_	642	646	_	_	_	_	_	_	_	_	_	_	_	_	_	_
8	malheureusement	_	ADV	ADV		7	mod	7	mod	CO-3e-2016-VTAC305-D1-R1-V1_N.ac	1	647	1	662	_	647	662	_	_	_	_	_	_	_	_	_	_	_	_	_	_
9	les	les	DET	DET	n=p	10	det	10	det	CO-3e-2016-VTAC305-D1-R1-V1_N.ac	1	663	1	666	_	663	666	_	_	_	_	_	_	_	_	_	_	_	_	_	_
10	parents	parent	NC	NC	n=p|g=m	7	dep_coord	7	dep_coord	CO-3e-2016-VTAC305-D1-R1-V1_N.ac	1	667	1	674	_	667	674	_	_	_	_	_	_	_	_	_	_	_	_	_	_
11	du	de	P+D	P+D	n=s|g=m	10	dep	10	dep	CO-3e-2016-VTAC305-D1-R1-V1_N.ac	1	675	1	677	_	675	677	_	_	_	_	_	_	_	_	in_GNon_incertDNon_incertRNon	675-684	_	_	_	_
12	garçon	garçon	NC	NC	n=s|g=m	11	prep	11	prep	CO-3e-2016-VTAC305-D1-R1-V1_N.ac	1	678	1	684	_	678	684	_	_	_	_	_	_	_	_	in_GNon_incertDNon_incertRNon	675-684	_	_	_	_
13	étaient	être	V	V	n=p|t=I|p=3	4	mod	4	mod	CO-3e-2016-VTAC305-D1-R1-V1_N.ac	1	685	1	692	imparfait	685	692	_	_	_	Err	était	685-692	_	_	_	_	_	_	_	_
14	au	à	P+D	P+D	n=s|g=m	13	mod	13	mod	CO-3e-2016-VTAC305-D1-R1-V1_N.ac	1	693	1	695	_	693	695	_	_	_	_	_	_	_	_	_	_	_	_	_	_
15	courant	courant	NC	NC	n=s|g=m	14	prep	14	prep	CO-3e-2016-VTAC305-D1-R1-V1_N.ac	1	696	1	703	_	696	703	_	_	_	_	_	_	_	_	_	_	_	_	_	_
16	et	et	CC	CC		13	coord	13	coord	CO-3e-2016-VTAC305-D1-R1-V1_N.ac	1	704	1	706	_	704	706	_	_	_	_	_	_	_	_	_	_	_	_	_	_
17	je	je	CLS	CLS	n=s|p=1	19	suj	19	suj	CO-3e-2016-VTAC305-D1-R1-V1_N.ac	1	707	1	709	_	707	709	_	_	_	_	_	_	_	_	_	_	_	_	_	_
18	vous	vous	CLO	CLO	n=p|p=2	19	a_obj	19	a_obj	CO-3e-2016-VTAC305-D1-R1-V1_N.ac	1	710	1	714	_	710	714	_	_	_	_	_	_	_	_	_	_	_	_	_	_
19	laisse	laisser	V	V	n=s|t=P,S|p=1,3	16	dep_coord	16	dep_coord	CO-3e-2016-VTAC305-D1-R1-V1_N.ac	1	715	1	721	present	715	721	_	_	_	_	_	_	_	_	_	_	_	_	_	_
20	deviner	deviner	VINF	VINF	t=W	19	obj	19	obj	CO-3e-2016-VTAC305-D1-R1-V1_N.ac	1	722	1	729	_	722	729	_	_	_	_	_	_	_	_	_	_	_	_	_	_
21	la	la	DET	DET	n=s|g=f	22	det	22	det	CO-3e-2016-VTAC305-D1-R1-V1_N.ac	1	730	1	732	_	730	732	_	_	_	_	_	_	_	_	_	_	_	_	_	_
22	suite	suite	NC	NC	n=s|g=f	20	obj	20	obj	CO-3e-2016-VTAC305-D1-R1-V1_N.ac	1	733	1	738	_	733	738	_	_	_	Err	suit	733-738	_	_	_	_	_	_	_	_
23	.	.	PONCT	PONCT		22	ponct	22	ponct	CO-3e-2016-VTAC305-D1-R1-V1_N.ac	1	738	1	739	_	738	739	_	_	_	Err	Depuis	738-746	_	_	_	_	_	_	_	_
"
"
1	Depuis	depuis	P	P		8	mod	8	mod	CO-3e-2016-VTAC305-D1-R1-V1_N.ac	1	740	1	746	_	740	746	consigne	_	_	Err	Depuis	738-746	_	_	_	_	_	_	_	_
2	cette	cette	DET	DET	n=s|g=f	3	det	3	det	CO-3e-2016-VTAC305-D1-R1-V1_N.ac	1	747	1	752	_	747	752	consigne	_	_	_	_	_	_	_	_	_	_	_	_	_
3	aventure	aventure	NC	NC	n=s|g=f	1	prep	1	prep	CO-3e-2016-VTAC305-D1-R1-V1_N.ac	1	753	1	761	_	753	761	consigne	_	_	_	_	_	_	_	_	_	_	_	_	_
4	,	,	PONCT	PONCT		3	ponct	3	ponct	CO-3e-2016-VTAC305-D1-R1-V1_N.ac	1	761	1	762	_	761	762	consigne	_	_	_	_	_	_	_	_	_	_	_	_	_
5	les	les	DET	DET	n=p	6	det	6	det	CO-3e-2016-VTAC305-D1-R1-V1_N.ac	1	763	1	766	_	763	766	consigne	_	_	_	_	_	_	_	_	_	in_GNon_incertDNon_incertRNon	763-774	_	_
6	enfants	enfant	NC	NC	n=p	8	suj	8	suj	CO-3e-2016-VTAC305-D1-R1-V1_N.ac	1	767	1	774	_	767	774	consigne	_	_	_	_	_	_	_	_	_	in_GNon_incertDNon_incertRNon	763-774	_	_
7	ne	ne	ADV	ADV		8	mod	8	mod	CO-3e-2016-VTAC305-D1-R1-V1_N.ac	1	775	1	777	_	775	777	consigne	_	_	_	_	_	_	_	_	_	_	_	_	_
8	sortent	sortir	V	V	n=p|t=P,S|p=3	0	root	0	root	CO-3e-2016-VTAC305-D1-R1-V1_N.ac	1	778	1	785	present	778	785	consigne	_	_	_	_	_	_	_	_	_	_	_	_	_
9	plus	plus	ADV	ADV		8	mod	8	mod	CO-3e-2016-VTAC305-D1-R1-V1_N.ac	1	786	1	790	_	786	790	consigne	_	_	_	_	_	_	_	_	_	_	_	_	_
10	la	la	DET	DET	n=s|g=f	11	det	11	det	CO-3e-2016-VTAC305-D1-R1-V1_N.ac	1	791	1	793	_	791	793	consigne	_	_	_	_	_	_	_	_	_	_	_	_	_
11	nuit	nuit	NC	NC	n=s|g=f	8	obj	8	obj	CO-3e-2016-VTAC305-D1-R1-V1_N.ac	1	794	1	798	_	794	798	consigne	_	_	_	_	_	_	_	_	_	_	_	_	_
12	.	.	PONCT	PONCT		11	ponct	11	ponct	CO-3e-2016-VTAC305-D1-R1-V1_N.ac	1	798	1	799	_	798	799	consigne	_	_	_	_	_	_	_	_	_	_	_	_	_
"
"
